{"supervised_contrastive_loss": 0.0102976243942976, "_step": 61, "_runtime": 230, "_timestamp": 1607372458, "training_time": 201.42544651031494, "plotting encoded vectors using RMSprop with t-SNE": {"_type": "image-file", "path": "media/images/plotting encoded vectors using RMSprop with t-SNE_61_c4f34f98.png", "sha256": "c4f34f9848e3cc97b8d6bf8da7bbb276c8804a152b7e5b6f6f2e51ecc9fc578a", "size": 93308, "format": "png", "width": 720, "height": 720}}