{"supervised_contrastive_loss": 0.16222725808620453, "_step": 61, "_runtime": 310, "_timestamp": 1607371556, "training_time": 176.23888874053955, "plotting encoded vectors using RMSprop with t-SNE": {"_type": "image-file", "path": "media/images/plotting encoded vectors using RMSprop with t-SNE_61_5bb9acf1.png", "sha256": "5bb9acf135b05cbc781a699a0eebe7f7299398e3e16cd98e2864a1c8ecc59836", "size": 141819, "format": "png", "width": 720, "height": 720}}