{"supervised_contrastive_loss": 1.0536783933639526, "_step": 61, "_runtime": 341, "_timestamp": 1607370994, "training_time": 182.2269322872162, "plotting encoded vectors using RMSprop with t-SNE": {"_type": "image-file", "path": "media/images/plotting encoded vectors using RMSprop with t-SNE_61_9e8615ca.png", "sha256": "9e8615caabe92cb0de276291759ab7c91dc90a1091601f57d07ef239bc8abe9c", "size": 163449, "format": "png", "width": 720, "height": 720}}