{"supervised_contrastive_loss": 27.550323486328125, "_step": 51, "_runtime": 178, "_timestamp": 1607373412, "training_time": 151.37057995796204, "plotting encoded vectors using RMSprop with t-SNE": {"_type": "image-file", "path": "media/images/plotting encoded vectors using RMSprop with t-SNE_51_0cd75915.png", "sha256": "0cd7591567d9b96207b84488a9bd15761c2c8ce861f4a04609c0c6c9f893ed26", "size": 106368, "format": "png", "width": 720, "height": 720}}