{"supervised_contrastive_loss": 3.0969173908233643, "_step": 301, "_runtime": 419, "_timestamp": 1607492521, "training_time": 254.56030941009521, "facesemore contrastive loss Augumentation": {"_type": "image-file", "path": "media/images/facesemore contrastive loss Augumentation_301_0b231046.png", "sha256": "0b23104648f39b4762c8617bbde0bb70ff9031090ce1123b88cb62ca82ee0d65", "size": 43366, "format": "png", "width": 720, "height": 720}}