{"supervised_contrastive_loss": 1.0530657768249512, "_step": 60, "_runtime": 197, "_timestamp": 1607368944, "training_time": 179.80653715133667}