{"supervised_contrastive_loss": 3.099538564682007, "_step": 101, "_runtime": 127, "_timestamp": 1607428263, "training_time": 82.23911333084106, "plotting encoded vectors of facesemore contrastive loss": {"_type": "image-file", "path": "media/images/plotting encoded vectors of facesemore contrastive loss_101_34a2d685.png", "sha256": "34a2d685e76ef2597171981e3d7ee6db8bbf7112b98a6baca82b27aad66ba10b", "size": 34979, "format": "png", "width": 720, "height": 720}}