{"supervised_contrastive_loss": 3.087111234664917, "_step": 200, "_runtime": 190, "_timestamp": 1607428118, "training_time": 187.68240237236023}