{"supervised_contrastive_loss": 16.828773498535156, "_step": 50, "_runtime": 157, "_timestamp": 1607373718, "training_time": 154.27072072029114}