{"supervised_contrastive_loss": 22.987751007080078, "_step": 50, "_runtime": 168, "_timestamp": 1607374058, "training_time": 166.099449634552}