{"supervised_contrastive_loss": 3.7820842266082764, "_step": 301, "_runtime": 430, "_timestamp": 1607432019, "training_time": 358.01840019226074, "pretrained facenet after training wo normalisation": {"_type": "image-file", "path": "media/images/pretrained facenet after training wo normalisation_301_1226b891.png", "sha256": "1226b8910b252d23050e7033e945215cf2ea99f5dffb17fa79b59645ba0c5b44", "size": 46436, "format": "png", "width": 720, "height": 720}}